{"ses-nsd01": {"sub-01": {"ses-nsd01": [0.0, 1073.5833333333333]}, "sub-02": {"ses-nsd01": [0.0, 1104.1666666666667]}, "sub-03": {"ses-nsd01": [0.0, 1116.8333333333333]}, "sub-04": {"ses-nsd01": [0.0, 1103.0]}, "sub-05": {"ses-nsd01": [0.0, 1088.9166666666667]}, "sub-06": {"ses-nsd01": [0.0, 1038.9166666666667]}, "sub-07": {"ses-nsd01": [0.3333333333333333, 1225.5]}, "sub-08": {"ses-nsd01": [1.75, 1180.9166666666667]}}, "ses-nsd02": {"sub-01": {"ses-nsd02": [0.0, 1003.1666666666666]}, "sub-02": {"ses-nsd02": [0.0, 1057.0]}, "sub-03": {"ses-nsd02": [0.0, 1195.5]}, "sub-04": {"ses-nsd02": [0.0, 1216.0]}, "sub-05": {"ses-nsd02": [0.0, 1058.0]}, "sub-06": {"ses-nsd02": [0.0, 1134.25]}, "sub-07": {"ses-nsd02": [0.6666666666666666, 1304.5833333333333]}, "sub-08": {"ses-nsd02": [6.333333333333333, 1306.9166666666667]}}, "ses-nsd03": {"sub-01": {"ses-nsd03": [0.0, 1065.6666666666667]}, "sub-02": {"ses-nsd03": [0.0, 1108.0833333333333]}, "sub-03": {"ses-nsd03": [0.0, 1285.9166666666667]}, "sub-04": {"ses-nsd03": [0.0, 1193.5833333333333]}, "sub-05": {"ses-nsd03": [0.0, 1124.0]}, "sub-06": {"ses-nsd03": [0.0, 1107.6666666666667]}, "sub-07": {"ses-nsd03": [20.666666666666668, 1250.1666666666667]}, "sub-08": {"ses-nsd03": [0.0, 1297.5]}}, "ses-nsd04": {"sub-01": {"ses-nsd04": [0.0, 1090.8333333333333]}, "sub-02": {"ses-nsd04": [0.0, 1074.5]}, "sub-03": {"ses-nsd04": [0.0, 1232.1666666666667]}, "sub-04": {"ses-nsd04": [0.0, 1244.25]}, "sub-05": {"ses-nsd04": [0.0, 1248.8333333333333]}, "sub-06": {"ses-nsd04": [0.0, 1130.75]}, "sub-07": {"ses-nsd04": [12.0, 1373.1666666666667]}, "sub-08": {"ses-nsd04": [0.0, 1186.9166666666667]}}, "ses-nsd05": {"sub-01": {"ses-nsd05": [0.0, 1068.75]}, "sub-02": {"ses-nsd05": [0.0, 1004.5833333333334]}, "sub-03": {"ses-nsd05": [0.0, 1157.9166666666667]}, "sub-04": {"ses-nsd05": [0.0, 1279.25]}, "sub-05": {"ses-nsd05": [0.0, 1177.1666666666667]}, "sub-06": {"ses-nsd05": [0.0, 1148.5]}, "sub-07": {"ses-nsd05": [13.333333333333334, 1363.1666666666667]}, "sub-08": {"ses-nsd05": [8.083333333333334, 1137.75]}}, "ses-nsd06": {"sub-01": {"ses-nsd06": [0.0, 1101.9166666666667]}, "sub-02": {"ses-nsd06": [0.0, 1044.25]}, "sub-03": {"ses-nsd06": [0.0, 1069.6666666666667]}, "sub-04": {"ses-nsd06": [0.0, 1295.25]}, "sub-05": {"ses-nsd06": [0.0, 1201.0]}, "sub-06": {"ses-nsd06": [0.0, 1050.6666666666667]}, "sub-07": {"ses-nsd06": [0.6666666666666666, 1194.1666666666667]}, "sub-08": {"ses-nsd06": [1.3333333333333333, 1286.0833333333333]}}, "ses-nsd07": {"sub-01": {"ses-nsd07": [0.0, 1000.9166666666666]}, "sub-02": {"ses-nsd07": [0.0, 1084.5833333333333]}, "sub-03": {"ses-nsd07": [0.0, 1062.1666666666667]}, "sub-04": {"ses-nsd07": [0.0, 1283.4166666666667]}, "sub-05": {"ses-nsd07": [0.0, 1205.6666666666667]}, "sub-06": {"ses-nsd07": [0.0, 1139.75]}, "sub-07": {"ses-nsd07": [14.25, 1286.9166666666667]}, "sub-08": {"ses-nsd07": [0.0, 1164.8333333333333]}}, "ses-nsd08": {"sub-01": {"ses-nsd08": [0.0, 1110.25]}, "sub-02": {"ses-nsd08": [0.0, 1061.8333333333333]}, "sub-03": {"ses-nsd08": [0.0, 1150.8333333333333]}, "sub-04": {"ses-nsd08": [0.0, 1296.5833333333333]}, "sub-05": {"ses-nsd08": [0.0, 1163.1666666666667]}, "sub-06": {"ses-nsd08": [0.0, 1123.3333333333333]}, "sub-07": {"ses-nsd08": [0.0, 1235.6666666666667]}, "sub-08": {"ses-nsd08": [0.6666666666666666, 1287.4166666666667]}}, "ses-nsd09": {"sub-01": {"ses-nsd09": [0.0, 1080.9166666666667]}, "sub-02": {"ses-nsd09": [0.0, 1089.6666666666667]}, "sub-03": {"ses-nsd09": [0.0, 1127.25]}, "sub-04": {"ses-nsd09": [0.0, 1227.75]}, "sub-05": {"ses-nsd09": [0.0, 1170.4166666666667]}, "sub-06": {"ses-nsd09": [0.0, 1064.4166666666667]}, "sub-07": {"ses-nsd09": [1.8333333333333333, 1306.8333333333333]}, "sub-08": {"ses-nsd09": [8.833333333333334, 1133.6666666666667]}}, "ses-nsd10": {"sub-01": {"ses-nsd10": [0.0, 1081.0]}, "sub-02": {"ses-nsd10": [0.0, 1027.4166666666667]}, "sub-03": {"ses-nsd10": [0.0, 1089.5]}, "sub-04": {"ses-nsd10": [0.0, 1242.25]}, "sub-05": {"ses-nsd10": [0.0, 1147.0833333333333]}, "sub-06": {"ses-nsd10": [0.0, 1086.4166666666667]}, "sub-07": {"ses-nsd10": [0.16666666666666666, 1387.0]}, "sub-08": {"ses-nsd10": [19.083333333333332, 1327.6666666666667]}}, "ses-nsd11": {"sub-01": {"ses-nsd11": [0.0, 1155.9166666666667]}, "sub-02": {"ses-nsd11": [0.0, 1015.5833333333334]}, "sub-03": {"ses-nsd11": [0.0, 1081.3333333333333]}, "sub-04": {"ses-nsd11": [0.0, 1271.1666666666667]}, "sub-05": {"ses-nsd11": [0.0, 1186.6666666666667]}, "sub-06": {"ses-nsd11": [0.0, 1112.25]}, "sub-07": {"ses-nsd11": [7.083333333333333, 1316.5]}, "sub-08": {"ses-nsd11": [0.0, 1164.3333333333333]}}, "ses-nsd12": {"sub-01": {"ses-nsd12": [0.0, 1018.3333333333334]}, "sub-02": {"ses-nsd12": [0.0, 1031.5]}, "sub-03": {"ses-nsd12": [0.0, 956.0]}, "sub-04": {"ses-nsd12": [0.0, 1279.75]}, "sub-05": {"ses-nsd12": [0.0, 1194.5833333333333]}, "sub-06": {"ses-nsd12": [0.0, 1114.4166666666667]}, "sub-07": {"ses-nsd12": [0.75, 1302.5833333333333]}, "sub-08": {"ses-nsd12": [0.0, 1072.3333333333333]}}, "ses-nsd13": {"sub-01": {"ses-nsd13": [0.0, 992.0]}, "sub-02": {"ses-nsd13": [0.0, 983.25]}, "sub-03": {"ses-nsd13": [0.0, 1014.25]}, "sub-04": {"ses-nsd13": [0.0, 1232.5833333333333]}, "sub-05": {"ses-nsd13": [0.0, 1131.6666666666667]}, "sub-06": {"ses-nsd13": [0.0, 1156.75]}, "sub-07": {"ses-nsd13": [0.0, 1301.25]}, "sub-08": {"ses-nsd13": [0.08333333333333333, 1148.75]}}, "ses-nsd14": {"sub-01": {"ses-nsd14": [0.0, 1015.6666666666666]}, "sub-02": {"ses-nsd14": [0.0, 1015.0833333333334]}, "sub-03": {"ses-nsd14": [0.0, 952.6666666666666]}, "sub-04": {"ses-nsd14": [0.0, 1237.4166666666667]}, "sub-05": {"ses-nsd14": [0.0, 1171.75]}, "sub-06": {"ses-nsd14": [0.0, 1144.1666666666667]}, "sub-07": {"ses-nsd14": [0.0, 1221.1666666666667]}, "sub-08": {"ses-nsd14": [1.0833333333333333, 1020.0833333333334]}}, "ses-nsd15": {"sub-01": {"ses-nsd15": [0.0, 995.0]}, "sub-02": {"ses-nsd15": [0.0, 1016.4166666666666]}, "sub-03": {"ses-nsd15": [0.0, 1052.6666666666667]}, "sub-04": {"ses-nsd15": [0.0, 1273.1666666666667]}, "sub-05": {"ses-nsd15": [0.0, 1156.3333333333333]}, "sub-06": {"ses-nsd15": [0.0, 1143.75]}, "sub-07": {"ses-nsd15": [0.0, 1266.0]}, "sub-08": {"ses-nsd15": [0.0, 1126.9166666666667]}}, "ses-nsd16": {"sub-01": {"ses-nsd16": [0.0, 1078.5]}, "sub-02": {"ses-nsd16": [0.0, 1014.0]}, "sub-03": {"ses-nsd16": [0.0, 958.0833333333334]}, "sub-04": {"ses-nsd16": [0.0, 1280.9166666666667]}, "sub-05": {"ses-nsd16": [0.0, 1162.5]}, "sub-06": {"ses-nsd16": [0.0, 1190.8333333333333]}, "sub-07": {"ses-nsd16": [0.9166666666666666, 1304.6666666666667]}, "sub-08": {"ses-nsd16": [0.3333333333333333, 1147.8333333333333]}}, "ses-nsd17": {"sub-01": {"ses-nsd17": [0.0, 1011.5833333333334]}, "sub-02": {"ses-nsd17": [0.0, 1022.25]}, "sub-03": {"ses-nsd17": [0.0, 901.75]}, "sub-04": {"ses-nsd17": [0.0, 1273.3333333333333]}, "sub-05": {"ses-nsd17": [0.0, 1200.9166666666667]}, "sub-06": {"ses-nsd17": [0.0, 1154.25]}, "sub-07": {"ses-nsd17": [1.0833333333333333, 1398.0]}, "sub-08": {"ses-nsd17": [0.0, 1260.9166666666667]}}, "ses-nsd18": {"sub-01": {"ses-nsd18": [0.0, 997.5833333333334]}, "sub-02": {"ses-nsd18": [0.0, 972.3333333333334]}, "sub-03": {"ses-nsd18": [0.0, 943.6666666666666]}, "sub-04": {"ses-nsd18": [0.0, 1196.4166666666667]}, "sub-05": {"ses-nsd18": [0.0, 1085.9166666666667]}, "sub-06": {"ses-nsd18": [0.0, 1109.5]}, "sub-07": {"ses-nsd18": [0.0, 1361.0833333333333]}, "sub-08": {"ses-nsd18": [7.75, 1185.25]}}, "ses-nsd19": {"sub-01": {"ses-nsd19": [0.0, 1067.4166666666667]}, "sub-02": {"ses-nsd19": [0.0, 1056.9166666666667]}, "sub-03": {"ses-nsd19": [0.0, 950.8333333333334]}, "sub-04": {"ses-nsd19": [0.0, 1236.25]}, "sub-05": {"ses-nsd19": [0.0, 1184.25]}, "sub-06": {"ses-nsd19": [0.0, 1089.75]}, "sub-07": {"ses-nsd19": [3.9166666666666665, 1288.0]}, "sub-08": {"ses-nsd19": [0.3333333333333333, 1215.5833333333333]}}, "ses-nsd20": {"sub-01": {"ses-nsd20": [0.0, 1056.6666666666667]}, "sub-02": {"ses-nsd20": [0.0, 1004.6666666666666]},